Unnamed: 0,Pregnancies,Glucose,BloodPressure,SkinThickness,Insulin,BMI,DiabetesPedigreeFunction,Age,Cluster,risk_category
0.0,6.0,148.0,72.0,35.0,158.2,33.6,0.627,50.0,1,risque élevé
1.0,1.0,85.0,66.0,29.0,94.4,26.6,0.351,31.0,0,risque faible
2.0,8.0,183.0,64.0,29.6,375.8,23.3,0.672,32.0,1,risque élevé
3.0,1.0,89.0,66.0,23.0,94.0,28.1,0.167,21.0,0,risque faible
4.0,0.0,137.0,40.0,35.0,168.0,43.1,2.288,33.0,1,risque élevé
5.0,5.0,116.0,74.0,35.8,154.0,25.6,0.201,30.0,0,risque faible
6.0,3.0,78.0,50.0,32.0,88.0,31.0,0.248,26.0,0,risque faible
7.0,10.0,115.0,78.8,38.2,151.8,35.3,0.134,29.0,1,risque élevé
8.0,2.0,197.0,70.0,45.0,543.0,30.5,0.158,53.0,1,risque élevé
9.0,8.0,125.0,96.0,34.2,167.2,36.239999999999995,0.232,54.0,1,risque élevé
10.0,4.0,110.0,92.0,35.8,154.0,37.6,0.191,30.0,1,risque élevé
11.0,10.0,168.0,74.0,32.0,375.8,38.0,0.537,34.0,1,risque élevé
12.0,10.0,139.0,80.0,26.4,156.2,27.1,1.441,57.0,1,risque élevé
13.0,1.0,189.0,60.0,23.0,846.0,30.1,0.398,59.0,1,risque élevé
14.0,5.0,166.0,72.0,19.0,175.0,25.8,0.587,51.0,1,risque élevé
15.0,7.0,100.0,66.4,28.2,121.0,30.0,0.484,32.0,0,risque faible
16.0,0.0,118.0,84.0,47.0,230.0,45.8,0.551,31.0,1,risque élevé
17.0,7.0,107.0,74.0,30.6,154.6,29.6,0.254,31.0,0,risque faible
18.0,1.0,103.0,30.0,38.0,83.0,43.3,0.183,33.0,0,risque faible
19.0,1.0,115.0,70.0,30.0,96.0,34.6,0.529,32.0,0,risque faible
20.0,3.0,126.0,88.0,41.0,235.0,39.3,0.704,27.0,1,risque élevé
21.0,8.0,99.0,84.0,31.8,168.0,35.4,0.388,50.0,1,risque élevé
22.0,7.0,196.0,90.0,27.2,374.8,39.8,0.451,41.0,1,risque élevé
23.0,9.0,119.0,80.0,35.0,173.6,29.0,0.263,29.0,1,risque élevé
24.0,11.0,143.0,94.0,33.0,146.0,36.6,0.254,51.0,1,risque élevé
25.0,10.0,125.0,70.0,26.0,115.0,31.1,0.205,41.0,1,risque élevé
26.0,7.0,147.0,76.0,26.6,158.2,39.4,0.257,43.0,1,risque élevé
27.0,1.0,97.0,66.0,15.0,140.0,23.2,0.487,22.0,0,risque faible
28.0,13.0,145.0,82.0,19.0,110.0,22.2,0.245,57.0,1,risque élevé
29.0,5.0,117.0,92.0,34.4,176.6,34.1,0.337,38.0,1,risque élevé
30.0,5.0,109.0,75.0,26.0,144.0,36.0,0.546,60.0,1,risque élevé
31.0,3.0,158.0,76.0,36.0,245.0,31.6,0.851,28.0,1,risque élevé
32.0,3.0,88.0,58.0,11.0,54.0,24.8,0.267,22.0,0,risque faible
33.0,6.0,92.0,92.0,24.6,98.2,19.9,0.188,28.0,0,risque faible
34.0,10.0,122.0,78.0,31.0,144.0,27.6,0.512,45.0,1,risque élevé
35.0,4.0,103.0,60.0,33.0,192.0,24.0,0.966,33.0,0,risque faible
36.0,11.0,138.0,76.0,34.0,209.4,33.2,0.42,35.0,1,risque élevé
37.0,9.0,102.0,76.0,37.0,126.6,32.9,0.665,46.0,1,risque élevé
38.0,2.0,90.0,68.0,42.0,118.6,38.2,0.503,27.0,0,risque faible
39.0,4.0,111.0,72.0,47.0,207.0,37.1,1.39,56.0,1,risque élevé
40.0,3.0,180.0,64.0,25.0,70.0,34.0,0.271,26.0,0,risque faible
41.0,7.0,133.0,84.0,33.2,216.6,40.2,0.696,37.0,1,risque élevé
42.0,7.0,106.0,92.0,18.0,123.8,22.7,0.235,48.0,1,risque élevé
43.0,9.0,171.0,110.0,24.0,240.0,45.4,0.721,54.0,1,risque élevé
44.0,7.0,159.0,64.0,35.2,217.8,27.4,0.294,40.0,1,risque élevé
45.0,0.0,180.0,66.0,39.0,252.2,42.0,1.893,25.0,1,risque élevé
46.0,1.0,146.0,56.0,33.4,185.0,29.7,0.564,29.0,0,risque faible
47.0,2.0,71.0,70.0,27.0,89.4,28.0,0.586,22.0,0,risque faible
48.0,7.0,103.0,66.0,32.0,96.6,39.1,0.344,31.0,0,risque faible
49.0,7.0,105.0,69.6,31.8,112.4,34.2,0.305,24.0,0,risque faible
50.0,1.0,103.0,80.0,11.0,82.0,19.4,0.491,22.0,0,risque faible
51.0,1.0,101.0,50.0,15.0,36.0,24.2,0.526,26.0,0,risque faible
52.0,5.0,88.0,66.0,21.0,23.0,24.4,0.342,30.0,0,risque faible
53.0,8.0,176.0,90.0,34.0,300.0,33.7,0.467,58.0,1,risque élevé
54.0,7.0,150.0,66.0,42.0,342.0,34.7,0.718,42.0,1,risque élevé
55.0,1.0,73.0,50.0,10.0,48.2,23.0,0.248,21.0,0,risque faible
56.0,7.0,187.0,68.0,39.0,304.0,37.7,0.254,41.0,1,risque élevé
57.0,0.0,100.0,88.0,60.0,110.0,46.8,0.962,31.0,1,risque élevé
58.0,0.0,146.0,82.0,32.0,219.4,40.5,1.781,44.0,1,risque élevé
59.0,0.0,105.0,64.0,41.0,142.0,41.5,0.173,22.0,0,risque faible
60.0,2.0,84.0,61.0,18.8,59.4,24.740000000000002,0.304,21.0,0,risque faible
61.0,8.0,133.0,72.0,31.6,196.0,32.9,0.27,39.0,1,risque élevé
62.0,5.0,44.0,62.0,21.6,51.2,25.0,0.587,36.0,0,risque faible
63.0,2.0,141.0,58.0,34.0,128.0,25.4,0.699,24.0,0,risque faible
64.0,7.0,114.0,66.0,30.0,120.4,32.8,0.258,42.0,1,risque élevé
65.0,5.0,99.0,74.0,27.0,69.4,29.0,0.203,32.0,0,risque faible
66.0,0.0,109.0,88.0,30.0,139.6,32.5,0.855,38.0,1,risque élevé
67.0,2.0,109.0,92.0,37.8,177.6,42.7,0.845,54.0,1,risque élevé
68.0,1.0,95.0,66.0,13.0,38.0,19.6,0.334,25.0,0,risque faible
69.0,4.0,146.0,85.0,27.0,100.0,28.9,0.189,27.0,0,risque faible
70.0,2.0,100.0,66.0,20.0,90.0,32.9,0.867,28.0,0,risque faible
71.0,5.0,139.0,64.0,35.0,140.0,28.6,0.411,26.0,0,risque faible
72.0,13.0,126.0,90.0,24.8,175.2,43.4,0.583,42.0,1,risque élevé
73.0,4.0,129.0,86.0,20.0,270.0,35.1,0.231,23.0,1,risque élevé
74.0,1.0,79.0,75.0,30.0,58.6,32.0,0.396,22.0,0,risque faible
75.0,1.0,92.6,48.0,20.0,94.4,24.7,0.14,22.0,0,risque faible
76.0,7.0,62.0,78.0,31.2,44.0,32.6,0.391,41.0,0,risque faible
77.0,5.0,95.0,72.0,33.0,99.8,37.7,0.37,27.0,0,risque faible
78.0,0.0,131.0,77.2,23.4,181.2,43.2,0.27,26.0,0,risque faible
79.0,2.0,112.0,66.0,22.0,100.0,25.0,0.307,24.0,0,risque faible
80.0,3.0,113.0,44.0,13.0,59.8,22.4,0.14,22.0,0,risque faible
81.0,2.0,74.0,60.8,25.4,54.6,25.1,0.102,22.0,0,risque faible
82.0,7.0,83.0,78.0,26.0,71.0,29.3,0.767,36.0,0,risque faible
83.0,0.0,101.0,65.0,28.0,77.6,24.6,0.237,22.0,0,risque faible
84.0,5.0,137.0,108.0,26.2,166.0,48.8,0.227,37.0,1,risque élevé
85.0,2.0,110.0,74.0,29.0,125.0,32.4,0.698,27.0,0,risque faible
86.0,13.0,106.0,72.0,54.0,114.8,36.6,0.178,45.0,1,risque élevé
87.0,2.0,100.0,68.0,25.0,71.0,38.5,0.324,26.0,0,risque faible
88.0,15.0,136.0,70.0,32.0,110.0,37.1,0.153,43.0,1,risque élevé
89.0,1.0,107.0,68.0,19.0,100.0,26.5,0.165,24.0,0,risque faible
90.0,1.0,80.0,55.0,22.8,47.2,19.1,0.258,21.0,0,risque faible
91.0,4.0,123.0,80.0,15.0,176.0,32.0,0.443,34.0,0,risque faible
92.0,7.0,81.0,78.0,40.0,48.0,46.7,0.261,42.0,1,risque élevé
93.0,4.0,134.0,72.0,25.6,229.8,23.8,0.277,60.0,1,risque élevé
94.0,2.0,142.0,82.0,18.0,64.0,24.7,0.761,21.0,0,risque faible
95.0,6.0,144.0,72.0,27.0,228.0,33.9,0.255,40.0,1,risque élevé
96.0,2.0,92.0,62.0,28.0,46.0,31.6,0.13,24.0,0,risque faible
97.0,1.0,71.0,48.0,18.0,76.0,20.4,0.323,22.0,0,risque faible
98.0,6.0,93.0,50.0,30.0,64.0,28.7,0.356,23.0,0,risque faible
99.0,1.0,122.0,90.0,51.0,220.0,49.7,0.325,31.0,1,risque élevé
100.0,1.0,163.0,72.0,34.8,226.6,39.0,1.222,33.0,1,risque élevé
101.0,1.0,151.0,60.0,26.8,151.8,26.1,0.179,22.0,0,risque faible
102.0,0.0,125.0,96.0,26.6,171.0,22.5,0.262,21.0,0,risque faible
103.0,1.0,81.0,72.0,18.0,40.0,26.6,0.283,24.0,0,risque faible
104.0,2.0,85.0,65.0,28.2,46.0,39.6,0.93,27.0,0,risque faible
105.0,1.0,126.0,56.0,29.0,152.0,28.7,0.801,21.0,0,risque faible
106.0,1.0,96.0,122.0,29.8,97.8,22.4,0.207,27.0,0,risque faible
107.0,4.0,144.0,58.0,28.0,140.0,29.5,0.287,37.0,0,risque faible
108.0,3.0,83.0,58.0,31.0,18.0,34.3,0.336,25.0,0,risque faible
109.0,0.0,95.0,85.0,25.0,36.0,37.4,0.247,24.0,0,risque faible
110.0,3.0,171.0,72.0,33.0,135.0,33.3,0.199,24.0,1,risque élevé
111.0,8.0,155.0,62.0,26.0,495.0,34.0,0.543,46.0,1,risque élevé
112.0,1.0,89.0,76.0,34.0,37.0,31.2,0.192,23.0,0,risque faible
113.0,4.0,76.0,62.0,26.8,47.0,34.0,0.391,25.0,0,risque faible
114.0,7.0,160.0,54.0,32.0,175.0,30.5,0.588,39.0,1,risque élevé
115.0,4.0,146.0,92.0,27.4,223.6,31.2,0.539,61.0,1,risque élevé
116.0,5.0,124.0,74.0,28.6,122.8,34.0,0.22,38.0,1,risque élevé
117.0,5.0,78.0,48.0,25.4,58.0,33.7,0.654,25.0,0,risque faible
118.0,4.0,97.0,60.0,23.0,62.2,28.2,0.443,22.0,0,risque faible
119.0,4.0,99.0,76.0,15.0,51.0,23.2,0.223,21.0,0,risque faible
120.0,0.0,162.0,76.0,56.0,100.0,53.2,0.759,25.0,1,risque élevé
121.0,6.0,111.0,64.0,39.0,140.8,34.2,0.26,24.0,0,risque faible
122.0,2.0,107.0,74.0,30.0,100.0,33.6,0.404,23.0,0,risque faible
123.0,5.0,132.0,80.0,27.0,228.6,26.8,0.186,69.0,1,risque élevé
124.0,0.0,113.0,76.0,30.0,86.0,33.3,0.278,23.0,0,risque faible
125.0,1.0,88.0,30.0,42.0,99.0,55.0,0.496,26.0,0,risque faible
126.0,3.0,120.0,70.0,30.0,135.0,42.9,0.452,30.0,1,risque élevé
127.0,1.0,118.0,58.0,36.0,94.0,33.3,0.261,23.0,0,risque faible
128.0,1.0,117.0,88.0,24.0,145.0,34.5,0.403,40.0,1,risque élevé
129.0,0.0,105.0,84.0,29.8,165.8,27.9,0.741,62.0,1,risque élevé
130.0,4.0,173.0,70.0,14.0,168.0,29.7,0.361,33.0,0,risque faible
131.0,9.0,122.0,56.0,30.2,110.2,33.3,1.114,33.0,1,risque élevé
132.0,3.0,170.0,64.0,37.0,225.0,34.5,0.356,30.0,1,risque élevé
133.0,8.0,84.0,74.0,31.0,124.6,38.3,0.457,39.0,1,risque élevé
134.0,2.0,96.0,68.0,13.0,49.0,21.1,0.647,26.0,0,risque faible
135.0,2.0,125.0,60.0,20.0,140.0,33.8,0.088,31.0,0,risque faible
136.0,0.0,100.0,70.0,26.0,50.0,30.8,0.597,21.0,0,risque faible
137.0,0.0,93.0,60.0,25.0,92.0,28.7,0.532,22.0,0,risque faible
138.0,0.0,129.0,80.0,30.6,189.8,31.2,0.703,29.0,0,risque faible
139.0,5.0,105.0,72.0,29.0,325.0,36.9,0.159,28.0,1,risque élevé
140.0,3.0,128.0,78.0,27.4,152.6,21.1,0.268,55.0,1,risque élevé
141.0,5.0,106.0,82.0,30.0,148.8,39.5,0.286,38.0,1,risque élevé
142.0,2.0,108.0,52.0,26.0,63.0,32.5,0.318,22.0,0,risque faible
143.0,10.0,108.0,66.0,30.8,169.0,32.4,0.272,42.0,1,risque élevé
144.0,4.0,154.0,62.0,31.0,284.0,32.8,0.237,23.0,1,risque élevé
145.0,0.0,102.0,75.0,23.0,113.8,28.959999999999997,0.572,21.0,0,risque faible
146.0,9.0,57.0,80.0,37.0,70.6,32.8,0.096,41.0,0,risque faible
147.0,2.0,106.0,64.0,35.0,119.0,30.5,1.4,34.0,0,risque faible
148.0,5.0,147.0,78.0,40.2,220.6,33.7,0.218,65.0,1,risque élevé
149.0,2.0,90.0,70.0,17.0,67.6,27.3,0.085,22.0,0,risque faible
150.0,1.0,136.0,74.0,50.0,204.0,37.4,0.399,24.0,1,risque élevé
151.0,4.0,114.0,65.0,24.6,175.0,21.9,0.432,37.0,0,risque faible
152.0,9.0,156.0,86.0,28.0,155.0,34.3,1.189,42.0,1,risque élevé
153.0,1.0,153.0,82.0,42.0,485.0,40.6,0.687,23.0,1,risque élevé
154.0,8.0,188.0,78.0,30.6,158.4,47.9,0.137,43.0,1,risque élevé
155.0,7.0,152.0,88.0,44.0,248.4,50.0,0.337,36.0,1,risque élevé
156.0,2.0,99.0,52.0,15.0,94.0,24.6,0.637,21.0,0,risque faible
157.0,1.0,109.0,56.0,21.0,135.0,25.2,0.833,23.0,0,risque faible
158.0,2.0,88.0,74.0,19.0,53.0,29.0,0.229,22.0,0,risque faible
159.0,17.0,163.0,72.0,41.0,114.0,40.9,0.817,47.0,1,risque élevé
160.0,4.0,151.0,90.0,38.0,217.6,29.7,0.294,36.0,1,risque élevé
161.0,7.0,102.0,74.0,40.0,105.0,37.2,0.204,45.0,1,risque élevé
162.0,0.0,114.0,80.0,34.0,285.0,44.2,0.167,27.0,1,risque élevé
163.0,2.0,100.0,64.0,23.0,92.2,29.7,0.368,21.0,0,risque faible
164.0,0.0,131.0,88.0,31.4,151.0,31.6,0.743,32.0,1,risque élevé
165.0,6.0,104.0,74.0,18.0,156.0,29.9,0.722,41.0,0,risque faible
166.0,3.0,148.0,66.0,25.0,216.4,32.5,0.256,22.0,0,risque faible
167.0,4.0,120.0,68.0,22.8,159.6,29.6,0.709,34.0,0,risque faible
168.0,4.0,110.0,66.0,20.0,138.2,31.9,0.471,29.0,0,risque faible
169.0,3.0,111.0,90.0,12.0,78.0,28.4,0.495,29.0,0,risque faible
170.0,6.0,102.0,82.0,26.4,147.6,30.8,0.18,36.0,0,risque faible
171.0,6.0,134.0,70.0,23.0,130.0,35.4,0.542,29.0,0,risque faible
172.0,2.0,87.0,71.2,23.0,76.2,28.9,0.773,25.0,0,risque faible
173.0,1.0,79.0,60.0,42.0,48.0,43.5,0.678,23.0,0,risque faible
174.0,2.0,75.0,64.0,24.0,55.0,29.7,0.37,33.0,0,risque faible
175.0,8.0,179.0,72.0,42.0,130.0,32.7,0.719,36.0,1,risque élevé
176.0,6.0,85.0,78.0,25.0,78.4,31.2,0.382,42.0,0,risque faible
177.0,0.0,129.0,110.0,46.0,130.0,67.1,0.319,26.0,1,risque élevé
178.0,5.0,143.0,78.0,36.8,141.6,45.0,0.19,47.0,1,risque élevé
179.0,5.0,130.0,82.0,32.6,93.0,39.1,0.956,37.0,1,risque élevé
180.0,6.0,87.0,80.0,25.0,80.2,23.2,0.084,32.0,0,risque faible
181.0,0.0,119.0,64.0,18.0,92.0,34.9,0.725,23.0,0,risque faible
182.0,1.0,101.2,74.0,20.0,23.0,27.7,0.299,21.0,0,risque faible
183.0,5.0,73.0,60.0,25.8,44.6,26.8,0.268,27.0,0,risque faible
184.0,4.0,141.0,74.0,29.8,145.0,27.6,0.244,40.0,1,risque élevé
185.0,7.0,194.0,68.0,28.0,227.6,35.9,0.745,41.0,1,risque élevé
186.0,8.0,181.0,68.0,36.0,495.0,30.1,0.615,60.0,1,risque élevé
187.0,1.0,128.0,98.0,41.0,58.0,32.0,1.321,33.0,1,risque élevé
188.0,8.0,109.0,76.0,39.0,114.0,27.9,0.64,31.0,1,risque élevé
189.0,5.0,139.0,80.0,35.0,160.0,31.6,0.361,25.0,1,risque élevé
190.0,3.0,111.0,62.0,23.0,75.2,22.6,0.142,21.0,0,risque faible
191.0,9.0,123.0,70.0,44.0,94.0,33.1,0.374,40.0,1,risque élevé
192.0,7.0,159.0,66.0,33.0,168.2,30.4,0.383,36.0,1,risque élevé
193.0,11.0,135.0,82.0,38.6,152.0,52.3,0.578,40.0,1,risque élevé
194.0,8.0,85.0,55.0,20.0,51.4,24.4,0.136,42.0,0,risque faible
195.0,5.0,158.0,84.0,41.0,210.0,39.4,0.395,29.0,1,risque élevé
196.0,1.0,105.0,58.0,24.0,60.2,24.3,0.187,21.0,0,risque faible
197.0,3.0,107.0,62.0,13.0,48.0,22.9,0.678,23.0,0,risque faible
198.0,4.0,109.0,64.0,44.0,99.0,34.8,0.905,26.0,0,risque faible
199.0,4.0,148.0,60.0,27.0,318.0,30.9,0.15,29.0,1,risque élevé
200.0,0.0,113.0,80.0,16.0,58.8,31.0,0.874,21.0,0,risque faible
201.0,1.0,138.0,82.0,39.4,175.2,40.1,0.236,28.0,1,risque élevé
202.0,0.0,108.0,68.0,20.0,51.6,27.3,0.787,32.0,0,risque faible
203.0,2.0,99.0,70.0,16.0,44.0,20.4,0.235,27.0,0,risque faible
204.0,6.0,103.0,72.0,32.0,190.0,37.7,0.324,55.0,1,risque élevé
205.0,5.0,111.0,72.0,28.0,94.8,23.9,0.407,27.0,0,risque faible
206.0,8.0,196.0,76.0,29.0,280.0,37.5,0.605,57.0,1,risque élevé
207.0,5.0,162.0,104.0,39.8,202.2,37.7,0.151,52.0,1,risque élevé
208.0,1.0,96.0,64.0,27.0,87.0,33.2,0.289,21.0,0,risque faible
209.0,7.0,184.0,84.0,33.0,384.2,35.5,0.355,41.0,1,risque élevé
210.0,2.0,81.0,60.0,22.0,52.8,27.7,0.29,25.0,0,risque faible
211.0,0.0,147.0,85.0,54.0,228.2,42.8,0.375,24.0,1,risque élevé
212.0,7.0,179.0,95.0,31.0,289.6,34.2,0.164,60.0,1,risque élevé
213.0,0.0,140.0,65.0,26.0,130.0,42.6,0.431,24.0,0,risque faible
214.0,9.0,112.0,82.0,32.0,175.0,34.2,0.26,36.0,1,risque élevé
215.0,12.0,151.0,70.0,40.0,271.0,41.8,0.742,38.0,1,risque élevé
216.0,5.0,109.0,62.0,41.0,129.0,35.8,0.514,25.0,0,risque faible
217.0,6.0,125.0,68.0,30.0,120.0,30.0,0.464,32.0,0,risque faible
218.0,5.0,85.0,74.0,22.0,51.4,29.0,1.224,32.0,0,risque faible
219.0,5.0,112.0,66.0,31.0,134.0,37.8,0.261,41.0,1,risque élevé
220.0,0.0,177.0,60.0,29.0,478.0,34.6,1.072,21.0,1,risque élevé
221.0,2.0,158.0,90.0,32.4,234.6,31.6,0.805,66.0,1,risque élevé
222.0,7.0,119.0,69.2,30.6,131.2,25.2,0.209,37.0,0,risque faible
223.0,7.0,142.0,60.0,33.0,190.0,28.8,0.687,61.0,1,risque élevé
224.0,1.0,100.0,66.0,15.0,56.0,23.6,0.666,26.0,0,risque faible
225.0,1.0,87.0,78.0,27.0,32.0,34.6,0.101,22.0,0,risque faible
226.0,0.0,101.0,76.0,29.2,71.6,35.7,0.198,26.0,0,risque faible
227.0,3.0,162.0,52.0,38.0,278.2,37.2,0.652,24.0,1,risque élevé
228.0,4.0,197.0,70.0,39.0,744.0,36.7,2.329,31.0,1,risque élevé
229.0,0.0,117.0,80.0,31.0,53.0,45.2,0.089,24.0,0,risque faible
230.0,4.0,142.0,86.0,36.6,203.6,44.0,0.645,22.0,1,risque élevé
231.0,6.0,134.0,80.0,37.0,370.0,46.2,0.238,46.0,1,risque élevé
232.0,1.0,79.0,80.0,25.0,37.0,25.4,0.583,22.0,0,risque faible
233.0,4.0,122.0,68.0,31.4,176.0,35.0,0.394,29.0,0,risque faible
234.0,3.0,74.0,68.0,28.0,45.0,29.7,0.293,23.0,0,risque faible
235.0,4.0,171.0,72.0,29.6,457.6,43.6,0.479,26.0,1,risque élevé
236.0,7.0,181.0,84.0,21.0,192.0,35.9,0.586,51.0,1,risque élevé
237.0,0.0,179.0,90.0,27.0,457.6,44.1,0.686,23.0,1,risque élevé
238.0,9.0,164.0,84.0,21.0,338.8,30.8,0.831,32.0,1,risque élevé
239.0,0.0,104.0,76.0,20.8,53.6,18.4,0.582,27.0,0,risque faible
240.0,1.0,91.0,64.0,24.0,51.6,29.2,0.192,21.0,0,risque faible
241.0,4.0,91.0,70.0,32.0,88.0,33.1,0.446,22.0,0,risque faible
242.0,3.0,139.0,54.0,32.6,204.4,25.6,0.402,22.0,0,risque faible
243.0,6.0,119.0,50.0,22.0,176.0,27.1,1.318,33.0,0,risque faible
244.0,2.0,146.0,76.0,35.0,194.0,38.2,0.329,29.0,1,risque élevé
245.0,9.0,184.0,85.0,15.0,379.2,30.0,1.213,49.0,1,risque élevé
246.0,10.0,122.0,68.0,30.2,252.4,31.2,0.258,41.0,1,risque élevé
247.0,0.0,165.0,90.0,33.0,680.0,52.3,0.427,23.0,1,risque élevé
248.0,9.0,124.0,70.0,33.0,402.0,35.4,0.282,34.0,1,risque élevé
249.0,1.0,111.0,86.0,19.0,133.0,30.1,0.143,23.0,0,risque faible
250.0,9.0,106.0,52.0,25.0,198.2,31.2,0.38,42.0,0,risque faible
251.0,2.0,129.0,84.0,28.8,234.8,28.0,0.284,27.0,0,risque faible
252.0,2.0,90.0,80.0,14.0,55.0,24.4,0.249,24.0,0,risque faible
253.0,0.0,86.0,68.0,32.0,58.4,35.8,0.238,25.0,0,risque faible
254.0,12.0,92.0,62.0,7.0,258.0,27.6,0.926,44.0,0,risque faible
255.0,1.0,113.0,64.0,35.0,167.6,33.6,0.543,21.0,0,risque faible
256.0,3.0,111.0,56.0,39.0,167.6,30.1,0.557,30.0,0,risque faible
257.0,2.0,114.0,68.0,22.0,205.6,28.7,0.092,25.0,0,risque faible
258.0,1.0,193.0,50.0,16.0,375.0,25.9,0.655,24.0,0,risque faible
259.0,11.0,155.0,76.0,28.0,150.0,33.3,1.353,51.0,1,risque élevé
260.0,3.0,191.0,68.0,15.0,130.0,30.9,0.299,34.0,0,risque faible
261.0,3.0,141.0,68.0,29.4,204.6,30.0,0.761,27.0,0,risque faible
262.0,4.0,95.0,70.0,32.0,76.4,32.1,0.612,24.0,0,risque faible
263.0,3.0,142.0,80.0,15.0,192.8,32.4,0.2,63.0,1,risque élevé
264.0,4.0,123.0,62.0,34.2,206.8,32.0,0.226,35.0,0,risque faible
265.0,5.0,96.0,74.0,18.0,67.0,33.6,0.997,43.0,0,risque faible
266.0,0.0,138.0,73.6,30.6,283.6,36.3,0.933,25.0,1,risque élevé
267.0,2.0,128.0,64.0,42.0,191.2,40.0,1.101,24.0,1,risque élevé
268.0,0.0,102.0,52.0,25.6,111.2,25.1,0.078,21.0,0,risque faible
269.0,2.0,146.0,78.0,33.4,275.2,27.5,0.24,28.0,1,risque élevé
270.0,10.0,101.0,86.0,37.0,120.6,45.6,1.136,38.0,1,risque élevé
271.0,2.0,108.0,62.0,32.0,56.0,25.2,0.128,21.0,0,risque faible
272.0,3.0,122.0,78.0,23.0,108.6,23.0,0.254,40.0,0,risque faible
273.0,1.0,71.0,78.0,50.0,45.0,33.2,0.422,21.0,0,risque faible
274.0,13.0,106.0,70.0,29.4,141.2,34.2,0.251,52.0,1,risque élevé
275.0,2.0,100.0,70.0,52.0,57.0,40.5,0.677,25.0,0,risque faible
276.0,7.0,106.0,60.0,24.0,114.6,26.5,0.296,29.0,0,risque faible
277.0,0.0,104.0,64.0,23.0,116.0,27.8,0.454,23.0,0,risque faible
278.0,5.0,114.0,74.0,28.0,116.6,24.9,0.744,57.0,1,risque élevé
279.0,2.0,108.0,62.0,10.0,278.0,25.3,0.881,22.0,0,risque faible
280.0,0.0,146.0,70.0,36.6,265.8,37.9,0.334,28.0,1,risque élevé
281.0,10.0,129.0,76.0,28.0,122.0,35.9,0.28,39.0,1,risque élevé
282.0,7.0,133.0,88.0,15.0,155.0,32.4,0.262,37.0,1,risque élevé
283.0,7.0,161.0,86.0,27.2,223.4,30.4,0.165,47.0,1,risque élevé
284.0,2.0,108.0,80.0,28.0,116.6,27.0,0.259,52.0,0,risque faible
285.0,7.0,136.0,74.0,26.0,135.0,26.0,0.647,51.0,1,risque élevé
286.0,5.0,155.0,84.0,44.0,545.0,38.7,0.619,34.0,1,risque élevé
287.0,1.0,119.0,86.0,39.0,220.0,45.6,0.808,29.0,1,risque élevé
288.0,4.0,96.0,56.0,17.0,49.0,20.8,0.34,26.0,0,risque faible
289.0,5.0,108.0,72.0,43.0,75.0,36.1,0.263,33.0,1,risque élevé
290.0,0.0,78.0,88.0,29.0,40.0,36.9,0.434,21.0,0,risque faible
291.0,0.0,107.0,62.0,30.0,74.0,36.6,0.757,25.0,0,risque faible
292.0,2.0,128.0,78.0,37.0,182.0,43.3,1.224,31.0,1,risque élevé
293.0,1.0,128.0,48.0,45.0,194.0,40.5,0.613,24.0,0,risque faible
294.0,0.0,161.0,50.0,30.2,176.4,21.9,0.254,65.0,1,risque élevé
295.0,6.0,151.0,62.0,31.0,120.0,35.5,0.692,28.0,1,risque élevé
296.0,2.0,146.0,70.0,38.0,360.0,28.0,0.337,29.0,1,risque élevé
297.0,0.0,126.0,84.0,29.0,215.0,30.7,0.52,24.0,0,risque faible
298.0,14.0,100.0,78.0,25.0,184.0,36.6,0.412,46.0,1,risque élevé
299.0,8.0,112.0,72.0,28.8,144.2,23.6,0.84,58.0,1,risque élevé
300.0,0.0,167.0,73.2,30.6,250.6,32.3,0.839,30.0,1,risque élevé
301.0,2.0,144.0,58.0,33.0,135.0,31.6,0.422,25.0,0,risque faible
302.0,5.0,77.0,82.0,41.0,42.0,35.8,0.156,35.0,0,risque faible
303.0,5.0,115.0,98.0,34.6,168.4,52.9,0.209,28.0,1,risque élevé
304.0,3.0,150.0,76.0,24.6,171.2,21.0,0.207,37.0,0,risque faible
305.0,2.0,120.0,76.0,37.0,105.0,39.7,0.215,29.0,0,risque faible
306.0,10.0,161.0,68.0,23.0,132.0,25.5,0.326,47.0,1,risque élevé
307.0,0.0,137.0,68.0,14.0,148.0,24.8,0.143,21.0,0,risque faible
308.0,0.0,128.0,68.0,19.0,180.0,30.5,1.391,25.0,0,risque faible
309.0,2.0,124.0,68.0,28.0,205.0,32.9,0.875,30.0,0,risque faible
310.0,6.0,80.0,66.0,30.0,82.0,26.2,0.313,41.0,0,risque faible
311.0,0.0,106.0,70.0,37.0,148.0,39.4,0.605,22.0,0,risque faible
312.0,2.0,155.0,74.0,17.0,96.0,26.6,0.433,27.0,0,risque faible
313.0,3.0,113.0,50.0,10.0,85.0,29.5,0.626,25.0,0,risque faible
314.0,7.0,109.0,80.0,31.0,118.2,35.9,1.127,43.0,1,risque élevé
315.0,2.0,112.0,68.0,22.0,94.0,34.1,0.315,26.0,0,risque faible
316.0,3.0,99.0,80.0,11.0,64.0,19.3,0.284,30.0,0,risque faible
317.0,3.0,182.0,74.0,27.8,164.4,30.5,0.345,29.0,1,risque élevé
318.0,3.0,115.0,66.0,39.0,140.0,38.1,0.15,28.0,0,risque faible
319.0,6.0,194.0,78.0,28.0,134.8,23.5,0.129,59.0,1,risque élevé
320.0,4.0,129.0,60.0,12.0,231.0,27.5,0.527,31.0,0,risque faible
321.0,3.0,112.0,74.0,30.0,121.2,31.6,0.197,25.0,0,risque faible
322.0,0.0,124.0,70.0,20.0,173.2,27.4,0.254,36.0,0,risque faible
323.0,13.0,152.0,90.0,33.0,29.0,26.8,0.731,43.0,1,risque élevé
324.0,2.0,112.0,75.0,32.0,131.6,35.7,0.148,21.0,0,risque faible
325.0,1.0,157.0,72.0,21.0,168.0,25.6,0.123,24.0,0,risque faible
326.0,1.0,122.0,64.0,32.0,156.0,35.1,0.692,30.0,0,risque faible
327.0,10.0,179.0,70.0,33.0,164.4,35.1,0.2,37.0,1,risque élevé
328.0,2.0,102.0,86.0,36.0,120.0,45.5,0.127,23.0,1,risque élevé
329.0,6.0,105.0,70.0,32.0,68.0,30.8,0.122,37.0,0,risque faible
330.0,8.0,118.0,72.0,19.0,124.4,23.1,1.476,46.0,1,risque élevé
331.0,2.0,87.0,58.0,16.0,52.0,32.7,0.166,25.0,0,risque faible
332.0,1.0,180.0,76.8,35.4,233.6,43.3,0.282,41.0,1,risque élevé
333.0,12.0,106.0,80.0,22.8,77.4,23.6,0.137,44.0,1,risque élevé
334.0,1.0,95.0,60.0,18.0,58.0,23.9,0.26,22.0,0,risque faible
335.0,0.0,165.0,76.0,43.0,255.0,47.9,0.259,26.0,1,risque élevé
336.0,0.0,117.0,78.4,27.8,140.6,33.8,0.932,44.0,1,risque élevé
337.0,5.0,115.0,76.0,27.8,109.0,31.2,0.343,44.0,1,risque élevé
338.0,9.0,152.0,78.0,34.0,171.0,34.2,0.893,33.0,1,risque élevé
339.0,7.0,178.0,84.0,36.0,205.8,39.9,0.331,41.0,1,risque élevé
340.0,1.0,130.0,70.0,13.0,105.0,25.9,0.472,22.0,0,risque faible
341.0,1.0,95.0,74.0,21.0,73.0,25.9,0.673,36.0,0,risque faible
342.0,1.0,138.2,68.0,35.0,193.8,32.0,0.389,22.0,0,risque faible
343.0,5.0,122.0,86.0,29.2,111.4,34.7,0.29,33.0,1,risque élevé
344.0,8.0,95.0,72.0,28.8,75.4,36.8,0.485,57.0,1,risque élevé
345.0,8.0,126.0,88.0,36.0,108.0,38.5,0.349,49.0,1,risque élevé
346.0,1.0,139.0,46.0,19.0,83.0,28.7,0.654,22.0,0,risque faible
347.0,3.0,116.0,67.2,25.2,97.4,23.5,0.187,23.0,0,risque faible
348.0,3.0,99.0,62.0,19.0,74.0,21.8,0.279,26.0,0,risque faible
349.0,5.0,118.0,80.0,32.0,175.0,41.0,0.346,37.0,1,risque élevé
350.0,4.0,92.0,80.0,28.0,71.2,42.2,0.237,29.0,0,risque faible
351.0,4.0,137.0,84.0,27.8,163.4,31.2,0.252,30.0,1,risque élevé
352.0,3.0,61.0,82.0,28.0,60.4,34.4,0.243,46.0,0,risque faible
353.0,1.0,90.0,62.0,12.0,43.0,27.2,0.58,24.0,0,risque faible
354.0,3.0,90.0,78.0,23.4,64.4,42.7,0.559,21.0,0,risque faible
355.0,9.0,165.0,88.0,36.4,256.6,30.4,0.302,49.0,1,risque élevé
356.0,1.0,125.0,50.0,40.0,167.0,33.3,0.962,28.0,0,risque faible
357.0,13.0,129.0,88.0,30.0,206.6,39.9,0.569,44.0,1,risque élevé
358.0,12.0,88.0,74.0,40.0,54.0,35.3,0.378,48.0,1,risque élevé
359.0,1.0,196.0,76.0,36.0,249.0,36.5,0.875,29.0,1,risque élevé
360.0,5.0,189.0,64.0,33.0,325.0,31.2,0.583,29.0,1,risque élevé
361.0,5.0,158.0,70.0,32.0,236.4,29.8,0.207,63.0,1,risque élevé
362.0,5.0,103.0,108.0,37.0,139.8,39.2,0.305,65.0,1,risque élevé
363.0,4.0,146.0,78.0,33.4,230.2,38.5,0.52,67.0,1,risque élevé
364.0,4.0,147.0,74.0,25.0,293.0,34.9,0.385,30.0,1,risque élevé
365.0,5.0,99.0,54.0,28.0,83.0,34.0,0.499,30.0,0,risque faible
366.0,6.0,124.0,72.0,29.8,146.4,27.6,0.368,29.0,0,risque faible
367.0,0.0,101.0,64.0,17.0,89.4,21.0,0.252,21.0,0,risque faible
368.0,3.0,81.0,86.0,16.0,66.0,27.5,0.306,22.0,0,risque faible
369.0,1.0,133.0,102.0,28.0,140.0,32.8,0.234,45.0,1,risque élevé
370.0,3.0,173.0,82.0,48.0,465.0,38.4,2.137,25.0,1,risque élevé
371.0,0.0,118.0,64.0,23.0,89.0,26.860000000000003,1.731,21.0,0,risque faible
372.0,0.0,84.0,64.0,22.0,66.0,35.8,0.545,21.0,0,risque faible
373.0,2.0,105.0,58.0,40.0,94.0,34.9,0.225,25.0,0,risque faible
374.0,2.0,122.0,52.0,43.0,158.0,36.2,0.816,28.0,0,risque faible
375.0,12.0,140.0,82.0,43.0,325.0,39.2,0.528,58.0,1,risque élevé
376.0,0.0,98.0,82.0,15.0,84.0,25.2,0.299,22.0,0,risque faible
377.0,1.0,87.0,60.0,37.0,75.0,37.2,0.509,22.0,0,risque faible
378.0,4.0,156.0,75.0,34.8,291.2,48.3,0.238,32.0,1,risque élevé
379.0,0.0,93.0,100.0,39.0,72.0,43.4,1.021,35.0,1,risque élevé
380.0,1.0,107.0,72.0,30.0,82.0,30.8,0.821,24.0,0,risque faible
381.0,0.0,105.0,68.0,22.0,98.6,20.0,0.236,22.0,0,risque faible
382.0,1.0,109.0,60.0,8.0,182.0,25.4,0.947,21.0,0,risque faible
383.0,1.0,90.0,62.0,18.0,59.0,25.1,1.268,25.0,0,risque faible
384.0,1.0,125.0,70.0,24.0,110.0,24.3,0.221,25.0,0,risque faible
385.0,1.0,119.0,54.0,13.0,50.0,22.3,0.205,24.0,0,risque faible
386.0,5.0,116.0,74.0,29.0,111.2,32.3,0.66,35.0,0,risque faible
387.0,8.0,105.0,100.0,36.0,115.6,43.3,0.239,45.0,1,risque élevé
388.0,5.0,144.0,82.0,26.0,285.0,32.0,0.452,58.0,1,risque élevé
389.0,3.0,100.0,68.0,23.0,81.0,31.6,0.949,28.0,0,risque faible
390.0,1.0,100.0,66.0,29.0,196.0,32.0,0.444,42.0,0,risque faible
391.0,5.0,166.0,76.0,36.8,424.2,45.7,0.34,27.0,1,risque élevé
392.0,1.0,131.0,64.0,14.0,415.0,23.7,0.389,21.0,0,risque faible
393.0,4.0,116.0,72.0,12.0,87.0,22.1,0.463,37.0,0,risque faible
394.0,4.0,158.0,78.0,33.6,302.4,32.9,0.803,31.0,1,risque élevé
395.0,2.0,127.0,58.0,24.0,275.0,27.7,1.6,25.0,0,risque faible
396.0,3.0,96.0,56.0,34.0,115.0,24.7,0.944,39.0,0,risque faible
397.0,0.0,131.0,66.0,40.0,161.0,34.3,0.196,22.0,0,risque faible
398.0,3.0,82.0,70.0,24.2,105.4,21.1,0.389,25.0,0,risque faible
399.0,3.0,193.0,70.0,31.0,367.0,34.9,0.241,25.0,1,risque élevé
400.0,4.0,95.0,64.0,25.0,125.4,32.0,0.161,31.0,0,risque faible
401.0,6.0,137.0,61.0,26.4,170.0,24.2,0.151,55.0,1,risque élevé
402.0,5.0,136.0,84.0,41.0,88.0,35.0,0.286,35.0,1,risque élevé
403.0,9.0,72.0,78.0,25.0,107.2,31.6,0.28,38.0,0,risque faible
404.0,5.0,168.0,64.0,36.4,344.0,32.9,0.135,41.0,1,risque élevé
405.0,2.0,123.0,48.0,32.0,165.0,42.1,0.52,26.0,0,risque faible
406.0,4.0,115.0,72.0,28.2,132.4,28.9,0.376,46.0,0,risque faible
407.0,0.0,101.0,62.0,25.2,105.2,21.9,0.336,25.0,0,risque faible
408.0,8.0,197.0,74.0,36.4,395.0,25.9,1.191,39.0,1,risque élevé
409.0,1.0,172.0,68.0,49.0,579.0,42.4,0.702,28.0,1,risque élevé
410.0,6.0,102.0,90.0,39.0,137.0,35.7,0.674,28.0,1,risque élevé
411.0,1.0,112.0,72.0,30.0,176.0,34.4,0.528,25.0,0,risque faible
412.0,1.0,143.0,84.0,23.0,310.0,42.4,1.076,22.0,1,risque élevé
413.0,1.0,143.0,74.0,22.0,61.0,26.2,0.256,21.0,0,risque faible
414.0,0.0,138.0,60.0,35.0,167.0,34.6,0.534,21.0,0,risque faible
415.0,3.0,173.0,84.0,33.0,474.0,35.7,0.258,22.0,1,risque élevé
416.0,1.0,97.0,68.0,21.0,95.6,27.2,1.095,22.0,0,risque faible
417.0,4.0,144.0,82.0,32.0,162.8,38.5,0.554,37.0,1,risque élevé
418.0,1.0,83.0,68.0,14.8,69.8,18.2,0.624,27.0,0,risque faible
419.0,3.0,129.0,64.0,29.0,115.0,26.4,0.219,28.0,0,risque faible
420.0,1.0,119.0,88.0,41.0,170.0,45.3,0.507,26.0,1,risque élevé
421.0,2.0,94.0,68.0,18.0,76.0,26.0,0.561,21.0,0,risque faible
422.0,0.0,102.0,64.0,46.0,78.0,40.6,0.496,21.0,0,risque faible
423.0,2.0,115.0,64.0,22.0,130.8,30.8,0.421,21.0,0,risque faible
424.0,8.0,151.0,78.0,32.0,210.0,42.9,0.516,36.0,1,risque élevé
425.0,4.0,184.0,78.0,39.0,277.0,37.0,0.264,31.0,1,risque élevé
426.0,0.0,94.0,67.6,21.6,95.8,26.840000000000003,0.256,25.0,0,risque faible
427.0,1.0,181.0,64.0,30.0,180.0,34.1,0.328,38.0,1,risque élevé
428.0,0.0,135.0,94.0,46.0,145.0,40.6,0.284,26.0,1,risque élevé
429.0,1.0,95.0,82.0,25.0,180.0,35.0,0.233,43.0,0,risque faible
430.0,2.0,99.0,69.2,14.8,73.8,22.2,0.108,23.0,0,risque faible
431.0,3.0,89.0,74.0,16.0,85.0,30.4,0.551,38.0,0,risque faible
432.0,1.0,80.0,74.0,11.0,60.0,30.0,0.527,22.0,0,risque faible
433.0,2.0,139.0,75.0,29.6,118.8,25.6,0.167,29.0,0,risque faible
434.0,1.0,90.0,68.0,8.0,77.2,24.5,1.138,36.0,0,risque faible
435.0,0.0,141.0,81.4,35.6,189.4,42.4,0.205,29.0,1,risque élevé
436.0,12.0,140.0,85.0,33.0,214.4,37.4,0.244,41.0,1,risque élevé
437.0,5.0,147.0,75.0,33.0,118.8,29.9,0.434,28.0,1,risque élevé
438.0,1.0,97.0,70.0,15.0,70.2,18.2,0.147,21.0,0,risque faible
439.0,6.0,107.0,88.0,28.2,115.0,36.8,0.727,31.0,1,risque élevé
440.0,0.0,189.0,104.0,25.0,231.0,34.3,0.435,41.0,1,risque élevé
441.0,2.0,83.0,66.0,23.0,50.0,32.2,0.497,22.0,0,risque faible
442.0,4.0,117.0,64.0,27.0,120.0,33.2,0.23,24.0,0,risque faible
443.0,8.0,108.0,70.0,21.2,81.8,30.5,0.955,33.0,0,risque faible
444.0,4.0,117.0,62.0,12.0,92.6,29.7,0.38,30.0,0,risque faible
445.0,0.0,180.0,78.0,63.0,14.0,59.4,2.42,25.0,1,risque élevé
446.0,1.0,100.0,72.0,12.0,70.0,25.3,0.658,28.0,0,risque faible
447.0,0.0,95.0,80.0,45.0,92.0,36.5,0.33,26.0,0,risque faible
448.0,0.0,104.0,64.0,37.0,64.0,33.6,0.51,22.0,0,risque faible
449.0,0.0,120.0,74.0,18.0,63.0,30.5,0.285,26.0,0,risque faible
450.0,1.0,82.0,64.0,13.0,95.0,21.2,0.415,23.0,0,risque faible
451.0,2.0,134.0,70.0,21.6,81.6,28.9,0.542,23.0,0,risque faible
452.0,0.0,91.0,68.0,32.0,210.0,39.9,0.381,25.0,0,risque faible
453.0,2.0,119.0,74.0,32.2,121.6,19.6,0.832,72.0,1,risque élevé
454.0,2.0,100.0,54.0,28.0,105.0,37.8,0.498,24.0,0,risque faible
455.0,14.0,175.0,62.0,30.0,232.4,33.6,0.212,38.0,1,risque élevé
456.0,1.0,135.0,54.0,33.6,106.6,26.7,0.687,62.0,1,risque élevé
457.0,5.0,86.0,68.0,28.0,71.0,30.2,0.364,24.0,0,risque faible
458.0,10.0,148.0,84.0,48.0,237.0,37.6,1.001,51.0,1,risque élevé
459.0,9.0,134.0,74.0,33.0,60.0,25.9,0.46,81.0,1,risque élevé
460.0,9.0,120.0,72.0,22.0,56.0,20.8,0.733,48.0,0,risque faible
461.0,1.0,71.0,62.0,22.8,60.2,21.8,0.416,26.0,0,risque faible
462.0,8.0,74.0,70.0,40.0,49.0,35.3,0.705,39.0,0,risque faible
463.0,5.0,88.0,78.0,30.0,104.4,27.6,0.258,37.0,0,risque faible
464.0,10.0,115.0,98.0,31.8,99.0,24.0,1.022,34.0,1,risque élevé
465.0,0.0,124.0,56.0,13.0,105.0,21.8,0.452,21.0,0,risque faible
466.0,0.0,74.0,52.0,10.0,36.0,27.8,0.269,22.0,0,risque faible
467.0,0.0,97.0,64.0,36.0,100.0,36.8,0.6,25.0,0,risque faible
468.0,8.0,120.0,76.8,28.2,107.4,30.0,0.183,38.0,1,risque élevé
469.0,6.0,154.0,78.0,41.0,140.0,46.1,0.571,27.0,1,risque élevé
470.0,1.0,144.0,82.0,40.0,287.0,41.3,0.607,28.0,1,risque élevé
471.0,0.0,137.0,70.0,38.0,254.6,33.2,0.17,22.0,0,risque faible
472.0,0.0,119.0,66.0,27.0,125.6,38.8,0.259,22.0,0,risque faible
473.0,7.0,136.0,90.0,36.2,120.0,29.9,0.21,50.0,1,risque élevé
474.0,4.0,114.0,64.0,27.6,116.2,28.9,0.126,24.0,0,risque faible
475.0,0.0,137.0,84.0,27.0,110.0,27.3,0.231,59.0,1,risque élevé
476.0,2.0,105.0,80.0,45.0,191.0,33.7,0.711,29.0,1,risque élevé
477.0,7.0,114.0,76.0,17.0,110.0,23.8,0.466,31.0,0,risque faible
478.0,8.0,126.0,74.0,38.0,75.0,25.9,0.162,39.0,1,risque élevé
479.0,4.0,132.0,86.0,31.0,110.0,28.0,0.419,63.0,1,risque élevé
480.0,3.0,158.0,70.0,30.0,328.0,35.5,0.344,35.0,1,risque élevé
481.0,0.0,123.0,88.0,37.0,139.4,35.2,0.197,29.0,1,risque élevé
482.0,4.0,85.0,58.0,22.0,49.0,27.8,0.306,28.0,0,risque faible
483.0,0.0,84.0,82.0,31.0,125.0,38.2,0.233,23.0,0,risque faible
484.0,0.0,145.0,72.0,38.8,278.2,44.2,0.63,31.0,1,risque élevé
485.0,0.0,135.0,68.0,42.0,250.0,42.3,0.365,24.0,1,risque élevé
486.0,1.0,139.0,62.0,41.0,480.0,40.7,0.536,21.0,1,risque élevé
487.0,0.0,173.0,78.0,32.0,265.0,46.5,1.159,58.0,1,risque élevé
488.0,4.0,99.0,72.0,17.0,76.0,25.6,0.294,28.0,0,risque faible
489.0,8.0,194.0,80.0,32.8,204.2,26.1,0.551,67.0,1,risque élevé
490.0,2.0,83.0,65.0,28.0,66.0,36.8,0.629,24.0,0,risque faible
491.0,2.0,89.0,90.0,30.0,107.4,33.5,0.292,42.0,0,risque faible
492.0,4.0,99.0,68.0,38.0,102.0,32.8,0.145,33.0,0,risque faible
493.0,4.0,125.0,70.0,18.0,122.0,28.9,1.144,45.0,0,risque faible
494.0,3.0,80.0,69.8,25.6,78.4,34.02,0.174,22.0,0,risque faible
495.0,6.0,166.0,74.0,34.4,219.2,26.6,0.304,66.0,1,risque élevé
496.0,5.0,110.0,68.0,26.2,114.6,26.0,0.292,30.0,0,risque faible
497.0,2.0,81.0,72.0,15.0,76.0,30.1,0.547,25.0,0,risque faible
498.0,7.0,195.0,70.0,33.0,145.0,25.1,0.163,55.0,1,risque élevé
499.0,6.0,154.0,74.0,32.0,193.0,29.3,0.839,39.0,1,risque élevé
500.0,2.0,117.0,90.0,19.0,71.0,25.2,0.313,21.0,0,risque faible
501.0,3.0,84.0,72.0,32.0,84.4,37.2,0.267,28.0,0,risque faible
502.0,6.0,101.6,68.0,41.0,146.6,39.0,0.727,41.0,1,risque élevé
503.0,7.0,94.0,64.0,25.0,79.0,33.3,0.738,41.0,0,risque faible
504.0,3.0,96.0,78.0,39.0,107.4,37.3,0.238,40.0,1,risque élevé
505.0,10.0,75.0,82.0,31.6,82.4,33.3,0.263,38.0,1,risque élevé
506.0,0.0,180.0,90.0,26.0,90.0,36.5,0.314,35.0,1,risque élevé
507.0,1.0,130.0,60.0,23.0,170.0,28.6,0.692,21.0,0,risque faible
508.0,2.0,84.0,50.0,23.0,76.0,30.4,0.968,21.0,0,risque faible
509.0,8.0,120.0,78.0,26.2,153.4,25.0,0.409,64.0,1,risque élevé
510.0,12.0,84.0,72.0,31.0,72.6,29.7,0.297,46.0,1,risque élevé
511.0,0.0,139.0,62.0,17.0,210.0,22.1,0.207,21.0,0,risque faible
512.0,9.0,91.0,68.0,34.8,104.2,24.2,0.2,58.0,1,risque élevé
513.0,2.0,91.0,62.0,22.2,79.8,27.3,0.525,22.0,0,risque faible
514.0,3.0,99.0,54.0,19.0,86.0,25.6,0.154,24.0,0,risque faible
515.0,3.0,163.0,70.0,18.0,105.0,31.6,0.268,28.0,0,risque faible
516.0,9.0,145.0,88.0,34.0,165.0,30.3,0.771,53.0,1,risque élevé
517.0,7.0,125.0,86.0,32.8,179.6,37.6,0.304,51.0,1,risque élevé
518.0,13.0,76.0,60.0,36.2,68.4,32.8,0.18,41.0,0,risque faible
519.0,6.0,129.0,90.0,7.0,326.0,19.6,0.582,60.0,1,risque élevé
520.0,2.0,68.0,70.0,32.0,66.0,25.0,0.187,25.0,0,risque faible
521.0,3.0,124.0,80.0,33.0,130.0,33.2,0.305,26.0,0,risque faible
522.0,6.0,114.0,68.6,23.2,123.0,29.3,0.189,26.0,0,risque faible
523.0,9.0,130.0,70.0,29.6,139.2,34.2,0.652,45.0,1,risque élevé
524.0,3.0,125.0,58.0,20.8,155.8,31.6,0.151,24.0,0,risque faible
525.0,3.0,87.0,60.0,18.0,73.2,21.8,0.444,21.0,0,risque faible
526.0,1.0,97.0,64.0,19.0,82.0,18.2,0.299,21.0,0,risque faible
527.0,3.0,116.0,74.0,15.0,105.0,26.3,0.107,24.0,0,risque faible
528.0,0.0,117.0,66.0,31.0,188.0,30.8,0.493,22.0,0,risque faible
529.0,0.0,111.0,65.0,20.4,113.4,24.6,0.66,31.0,0,risque faible
530.0,2.0,122.0,60.0,18.0,106.0,29.8,0.717,22.0,0,risque faible
531.0,0.0,107.0,76.0,33.6,139.6,45.3,0.686,24.0,0,risque faible
532.0,1.0,86.0,66.0,52.0,65.0,41.3,0.917,29.0,0,risque faible
533.0,6.0,91.0,70.0,30.4,67.0,29.8,0.501,31.0,0,risque faible
534.0,1.0,77.0,56.0,30.0,56.0,33.3,1.251,24.0,0,risque faible
535.0,4.0,132.0,74.4,30.0,165.4,32.9,0.302,23.0,0,risque faible
536.0,0.0,105.0,90.0,33.0,121.4,29.6,0.197,46.0,1,risque élevé
537.0,0.0,57.0,60.0,33.2,85.6,21.7,0.735,67.0,0,risque faible
538.0,0.0,127.0,80.0,37.0,210.0,36.3,0.804,23.0,1,risque élevé
539.0,3.0,129.0,92.0,49.0,155.0,36.4,0.968,32.0,1,risque élevé
540.0,8.0,100.0,74.0,40.0,215.0,39.4,0.661,43.0,1,risque élevé
541.0,3.0,128.0,72.0,25.0,190.0,32.4,0.549,27.0,0,risque faible
542.0,10.0,90.0,85.0,32.0,115.8,34.9,0.825,56.0,1,risque élevé
543.0,4.0,84.0,90.0,23.0,56.0,39.5,0.159,25.0,0,risque faible
544.0,1.0,88.0,78.0,29.0,76.0,32.0,0.365,29.0,0,risque faible
545.0,8.0,186.0,90.0,35.0,225.0,34.5,0.423,37.0,1,risque élevé
546.0,5.0,187.0,76.0,27.0,207.0,43.6,1.034,53.0,1,risque élevé
547.0,4.0,131.0,68.0,21.0,166.0,33.1,0.16,28.0,0,risque faible
548.0,1.0,164.0,82.0,43.0,67.0,32.8,0.341,50.0,1,risque élevé
549.0,4.0,189.0,110.0,31.0,172.6,28.5,0.68,37.0,1,risque élevé
550.0,1.0,116.0,70.0,28.0,193.8,27.4,0.204,21.0,0,risque faible
551.0,3.0,84.0,68.0,30.0,106.0,31.9,0.591,25.0,0,risque faible
552.0,6.0,114.0,88.0,25.8,302.2,27.8,0.247,66.0,1,risque élevé
553.0,1.0,88.0,62.0,24.0,44.0,29.9,0.422,23.0,0,risque faible
554.0,1.0,84.0,64.0,23.0,115.0,36.9,0.471,28.0,0,risque faible
555.0,7.0,124.0,70.0,33.0,215.0,25.5,0.161,37.0,1,risque élevé
556.0,1.0,97.0,70.0,40.0,98.4,38.1,0.218,30.0,0,risque faible
557.0,8.0,110.0,76.0,32.4,242.0,27.8,0.237,58.0,1,risque élevé
558.0,11.0,103.0,68.0,40.0,120.2,46.2,0.126,42.0,1,risque élevé
559.0,11.0,85.0,74.0,31.2,100.0,30.1,0.3,35.0,0,risque faible
560.0,6.0,125.0,76.0,28.8,267.2,33.8,0.121,54.0,1,risque élevé
561.0,0.0,198.0,66.0,32.0,274.0,41.3,0.502,28.0,1,risque élevé
562.0,1.0,87.0,68.0,34.0,77.0,37.6,0.401,24.0,0,risque faible
563.0,6.0,99.0,60.0,19.0,54.0,26.9,0.497,32.0,0,risque faible
564.0,0.0,91.0,80.0,32.6,78.4,32.4,0.601,27.0,0,risque faible
565.0,2.0,95.0,54.0,14.0,88.0,26.1,0.748,22.0,0,risque faible
566.0,1.0,99.0,72.0,30.0,18.0,38.6,0.412,21.0,0,risque faible
567.0,6.0,92.0,62.0,32.0,126.0,32.0,0.085,46.0,0,risque faible
568.0,4.0,154.0,72.0,29.0,126.0,31.3,0.338,37.0,1,risque élevé
569.0,0.0,121.0,66.0,30.0,165.0,34.3,0.203,33.0,0,risque faible
570.0,3.0,78.0,70.0,31.8,95.6,32.5,0.27,39.0,0,risque faible
571.0,2.0,130.0,96.0,33.4,201.0,22.6,0.268,21.0,0,risque faible
572.0,3.0,111.0,58.0,31.0,44.0,29.5,0.43,22.0,0,risque faible
573.0,2.0,98.0,60.0,17.0,120.0,34.7,0.198,22.0,0,risque faible
574.0,1.0,143.0,86.0,30.0,330.0,30.1,0.892,23.0,1,risque élevé
575.0,1.0,119.0,44.0,47.0,63.0,35.5,0.28,25.0,0,risque faible
576.0,6.0,108.0,44.0,20.0,130.0,24.0,0.813,35.0,0,risque faible
577.0,2.0,118.0,80.0,37.2,119.4,42.9,0.693,21.0,1,risque élevé
578.0,10.0,133.0,68.0,32.2,267.2,27.0,0.245,36.0,1,risque élevé
579.0,2.0,197.0,70.0,99.0,222.2,34.7,0.575,62.0,1,risque élevé
580.0,0.0,151.0,90.0,46.0,250.2,42.1,0.371,21.0,1,risque élevé
581.0,6.0,109.0,60.0,27.0,102.6,25.0,0.206,27.0,0,risque faible
582.0,12.0,121.0,78.0,17.0,250.0,26.5,0.259,62.0,1,risque élevé
583.0,8.0,100.0,76.0,38.8,222.8,38.7,0.19,42.0,1,risque élevé
584.0,8.0,124.0,76.0,24.0,600.0,28.7,0.687,52.0,1,risque élevé
585.0,1.0,93.0,56.0,11.0,98.8,22.5,0.417,22.0,0,risque faible
586.0,8.0,143.0,66.0,31.4,249.4,34.9,0.129,41.0,1,risque élevé
587.0,6.0,103.0,66.0,27.2,115.0,24.3,0.249,29.0,0,risque faible
588.0,3.0,176.0,86.0,27.0,156.0,33.3,1.154,52.0,1,risque élevé
589.0,0.0,73.0,52.8,18.0,63.2,21.1,0.342,25.0,0,risque faible
590.0,11.0,111.0,84.0,40.0,259.0,46.8,0.925,45.0,1,risque élevé
591.0,2.0,112.0,78.0,50.0,140.0,39.4,0.175,24.0,1,risque élevé
592.0,3.0,132.0,80.0,32.0,248.0,34.4,0.402,44.0,1,risque élevé
593.0,2.0,82.0,52.0,22.0,115.0,28.5,1.699,25.0,0,risque faible
594.0,6.0,123.0,72.0,45.0,230.0,33.6,0.733,34.0,1,risque élevé
595.0,0.0,188.0,82.0,14.0,185.0,32.0,0.682,22.0,0,risque faible
596.0,0.0,67.0,76.0,26.8,70.2,45.3,0.194,46.0,0,risque faible
597.0,1.0,89.0,24.0,19.0,25.0,27.8,0.559,21.0,0,risque faible
598.0,1.0,173.0,74.0,29.4,229.8,36.8,0.088,38.0,1,risque élevé
599.0,1.0,109.0,38.0,18.0,120.0,23.1,0.407,26.0,0,risque faible
600.0,1.0,108.0,88.0,19.0,136.2,27.1,0.4,24.0,0,risque faible
601.0,6.0,96.0,55.6,20.4,91.8,23.7,0.19,28.0,0,risque faible
602.0,1.0,124.0,74.0,36.0,262.4,27.8,0.1,30.0,0,risque faible
603.0,7.0,150.0,78.0,29.0,126.0,35.2,0.692,54.0,1,risque élevé
604.0,4.0,183.0,76.0,29.4,229.8,28.4,0.212,36.0,1,risque élevé
605.0,1.0,124.0,60.0,32.0,166.0,35.8,0.514,21.0,0,risque faible
606.0,1.0,181.0,78.0,42.0,293.0,40.0,1.258,22.0,1,risque élevé
607.0,1.0,92.0,62.0,25.0,41.0,19.5,0.482,25.0,0,risque faible
608.0,0.0,152.0,82.0,39.0,272.0,41.5,0.27,27.0,1,risque élevé
609.0,1.0,111.0,62.0,13.0,182.0,24.0,0.138,23.0,0,risque faible
610.0,3.0,106.0,54.0,21.0,158.0,30.9,0.292,24.0,0,risque faible
611.0,3.0,174.0,58.0,22.0,194.0,32.9,0.593,36.0,1,risque élevé
612.0,7.0,168.0,88.0,42.0,321.0,38.2,0.787,40.0,1,risque élevé
613.0,6.0,105.0,80.0,28.0,117.6,32.5,0.878,26.0,0,risque faible
614.0,11.0,138.0,74.0,26.0,144.0,36.1,0.557,50.0,1,risque élevé
615.0,3.0,106.0,72.0,24.4,126.2,25.8,0.207,27.0,0,risque faible
616.0,6.0,117.0,96.0,26.0,118.4,28.7,0.157,30.0,1,risque élevé
617.0,2.0,68.0,62.0,13.0,15.0,20.1,0.257,23.0,0,risque faible
618.0,9.0,112.0,82.0,24.0,118.0,28.2,1.282,50.0,1,risque élevé
619.0,0.0,119.0,75.2,27.2,154.6,32.4,0.141,24.0,0,risque faible
620.0,2.0,112.0,86.0,42.0,160.0,38.4,0.246,28.0,1,risque élevé
621.0,2.0,92.0,76.0,20.0,74.6,24.2,1.698,28.0,0,risque faible
622.0,6.0,183.0,94.0,29.4,229.8,40.8,1.461,45.0,1,risque élevé
623.0,0.0,94.0,70.0,27.0,115.0,43.5,0.347,21.0,0,risque faible
624.0,2.0,108.0,64.0,24.6,122.2,30.8,0.158,21.0,0,risque faible
625.0,4.0,90.0,88.0,47.0,54.0,37.7,0.362,29.0,1,risque élevé
626.0,0.0,125.0,68.0,27.6,154.6,24.7,0.206,21.0,0,risque faible
627.0,0.0,132.0,78.0,33.4,156.4,32.4,0.393,21.0,0,risque faible
628.0,5.0,128.0,80.0,28.8,138.8,34.6,0.144,45.0,1,risque élevé
629.0,4.0,94.0,65.0,22.0,84.0,24.7,0.148,21.0,0,risque faible
630.0,7.0,114.0,64.0,25.4,115.2,27.4,0.732,34.0,0,risque faible
631.0,0.0,102.0,78.0,40.0,90.0,34.5,0.238,24.0,0,risque faible
632.0,2.0,111.0,60.0,22.4,115.2,26.2,0.343,23.0,0,risque faible
633.0,1.0,128.0,82.0,17.0,183.0,27.5,0.115,22.0,0,risque faible
634.0,10.0,92.0,62.0,20.4,91.0,25.9,0.167,31.0,0,risque faible
635.0,13.0,104.0,72.0,26.4,89.0,31.2,0.465,38.0,1,risque élevé
636.0,5.0,104.0,74.0,23.0,96.8,28.8,0.153,48.0,0,risque faible
637.0,2.0,94.0,76.0,18.0,66.0,31.6,0.649,23.0,0,risque faible
638.0,7.0,97.0,76.0,32.0,91.0,40.9,0.871,32.0,1,risque élevé
639.0,1.0,100.0,74.0,12.0,46.0,19.5,0.149,28.0,0,risque faible
640.0,0.0,102.0,86.0,17.0,105.0,29.3,0.695,27.0,0,risque faible
641.0,4.0,128.0,70.0,26.6,130.6,34.3,0.303,24.0,0,risque faible
642.0,6.0,147.0,80.0,32.6,188.8,29.5,0.178,50.0,1,risque élevé
643.0,4.0,90.0,70.0,20.4,93.8,28.0,0.61,31.0,0,risque faible
644.0,3.0,103.0,72.0,30.0,152.0,27.6,0.73,27.0,0,risque faible
645.0,2.0,157.0,74.0,35.0,440.0,39.4,0.134,30.0,1,risque élevé
646.0,1.0,167.0,74.0,17.0,144.0,23.4,0.447,33.0,0,risque faible
647.0,0.0,179.0,50.0,36.0,159.0,37.8,0.455,22.0,0,risque faible
648.0,11.0,136.0,84.0,35.0,130.0,28.3,0.26,42.0,1,risque élevé
649.0,0.0,107.0,60.0,25.0,116.6,26.4,0.133,23.0,0,risque faible
650.0,1.0,91.0,54.0,25.0,100.0,25.2,0.234,23.0,0,risque faible
651.0,1.0,117.0,60.0,23.0,106.0,33.8,0.466,27.0,0,risque faible
652.0,5.0,123.0,74.0,40.0,77.0,34.1,0.269,28.0,0,risque faible
653.0,2.0,120.0,54.0,32.4,112.0,26.8,0.455,27.0,0,risque faible
654.0,1.0,106.0,70.0,28.0,135.0,34.2,0.142,22.0,0,risque faible
655.0,2.0,155.0,52.0,27.0,540.0,38.7,0.24,25.0,1,risque élevé
656.0,2.0,101.0,58.0,35.0,90.0,21.8,0.155,22.0,0,risque faible
657.0,1.0,120.0,80.0,48.0,200.0,38.9,1.162,41.0,1,risque élevé
658.0,11.0,127.0,106.0,36.4,155.4,39.0,0.19,51.0,1,risque élevé
659.0,3.0,80.0,82.0,31.0,70.0,34.2,1.292,27.0,0,risque faible
660.0,10.0,162.0,84.0,33.2,154.6,27.7,0.182,54.0,1,risque élevé
661.0,1.0,199.0,76.0,43.0,228.4,42.9,1.394,22.0,1,risque élevé
662.0,8.0,167.0,106.0,46.0,231.0,37.6,0.165,43.0,1,risque élevé
663.0,9.0,145.0,80.0,46.0,130.0,37.9,0.637,40.0,1,risque élevé
664.0,6.0,115.0,60.0,39.0,141.0,33.7,0.245,40.0,1,risque élevé
665.0,1.0,112.0,80.0,45.0,132.0,34.8,0.217,24.0,0,risque faible
666.0,4.0,145.0,82.0,18.0,201.6,32.5,0.235,70.0,1,risque élevé
667.0,10.0,111.0,70.0,27.0,128.0,27.5,0.141,40.0,0,risque faible
668.0,6.0,98.0,58.0,33.0,190.0,34.0,0.43,43.0,0,risque faible
669.0,9.0,154.0,78.0,30.0,100.0,30.9,0.164,45.0,1,risque élevé
670.0,6.0,165.0,68.0,26.0,168.0,33.6,0.631,49.0,1,risque élevé
671.0,1.0,99.0,58.0,10.0,139.2,25.4,0.551,21.0,0,risque faible
672.0,10.0,68.0,106.0,23.0,49.0,35.5,0.285,47.0,1,risque élevé
673.0,3.0,123.0,100.0,35.0,240.0,57.3,0.88,22.0,1,risque élevé
674.0,8.0,91.0,82.0,34.0,128.2,35.6,0.587,68.0,1,risque élevé
675.0,6.0,195.0,70.0,32.0,139.2,30.9,0.328,31.0,1,risque élevé
676.0,9.0,156.0,86.0,28.8,211.6,24.8,0.23,53.0,1,risque élevé
677.0,0.0,93.0,60.0,23.6,157.0,35.3,0.263,25.0,0,risque faible
678.0,3.0,121.0,52.0,26.6,159.2,36.0,0.127,25.0,0,risque faible
679.0,2.0,101.0,58.0,17.0,265.0,24.2,0.614,23.0,0,risque faible
680.0,2.0,56.0,56.0,28.0,45.0,24.2,0.332,22.0,0,risque faible
681.0,0.0,162.0,76.0,36.0,140.6,49.6,0.364,26.0,1,risque élevé
682.0,0.0,95.0,64.0,39.0,105.0,44.6,0.366,22.0,0,risque faible
683.0,4.0,125.0,80.0,24.4,167.0,32.3,0.536,27.0,0,risque faible
684.0,5.0,136.0,82.0,33.6,203.0,32.28,0.64,69.0,1,risque élevé
685.0,2.0,129.0,74.0,26.0,205.0,33.2,0.591,25.0,0,risque faible
686.0,3.0,130.0,64.0,32.0,161.0,23.1,0.314,22.0,0,risque faible
687.0,1.0,107.0,50.0,19.0,197.0,28.3,0.181,29.0,0,risque faible
688.0,1.0,140.0,74.0,26.0,180.0,24.1,0.828,23.0,0,risque faible
689.0,1.0,144.0,82.0,46.0,180.0,46.1,0.335,46.0,1,risque élevé
690.0,8.0,107.0,80.0,24.2,151.0,24.6,0.856,34.0,0,risque faible
691.0,13.0,158.0,114.0,35.0,229.2,42.3,0.257,44.0,1,risque élevé
692.0,2.0,121.0,70.0,32.0,95.0,39.1,0.886,23.0,0,risque faible
693.0,7.0,129.0,68.0,49.0,125.0,38.5,0.439,43.0,1,risque élevé
694.0,2.0,90.0,60.0,23.4,161.6,23.5,0.191,25.0,0,risque faible
695.0,7.0,142.0,90.0,24.0,480.0,30.4,0.128,43.0,1,risque élevé
696.0,3.0,169.0,74.0,19.0,125.0,29.9,0.268,31.0,0,risque faible
697.0,0.0,99.0,64.8,25.4,161.6,25.0,0.253,22.0,0,risque faible
698.0,4.0,127.0,88.0,11.0,155.0,34.5,0.598,28.0,0,risque faible
699.0,4.0,118.0,70.0,30.8,145.0,44.5,0.904,26.0,1,risque élevé
700.0,2.0,122.0,76.0,27.0,200.0,35.9,0.483,26.0,0,risque faible
701.0,6.0,125.0,78.0,31.0,186.4,27.6,0.565,49.0,1,risque élevé
702.0,1.0,168.0,88.0,29.0,219.4,35.0,0.905,52.0,1,risque élevé
703.0,2.0,129.0,74.8,30.8,196.4,38.5,0.304,41.0,1,risque élevé
704.0,4.0,110.0,76.0,20.0,100.0,28.4,0.118,27.0,0,risque faible
705.0,6.0,80.0,80.0,36.0,148.6,39.8,0.177,28.0,0,risque faible
706.0,10.0,115.0,77.6,21.2,162.4,34.58,0.261,30.0,1,risque élevé
707.0,2.0,127.0,46.0,21.0,335.0,34.4,0.176,22.0,0,risque faible
708.0,9.0,164.0,78.0,25.8,260.8,32.8,0.148,45.0,1,risque élevé
709.0,2.0,93.0,64.0,32.0,160.0,38.0,0.674,23.0,0,risque faible
710.0,3.0,158.0,64.0,13.0,387.0,31.2,0.295,24.0,0,risque faible
711.0,5.0,126.0,78.0,27.0,22.0,29.6,0.439,40.0,0,risque faible
712.0,10.0,129.0,62.0,36.0,134.8,41.2,0.441,38.0,1,risque élevé
713.0,0.0,134.0,58.0,20.0,291.0,26.4,0.352,21.0,0,risque faible
714.0,3.0,102.0,74.0,33.4,163.6,29.5,0.121,32.0,0,risque faible
715.0,7.0,187.0,50.0,33.0,392.0,33.9,0.826,34.0,1,risque élevé
716.0,3.0,173.0,78.0,39.0,185.0,33.8,0.97,31.0,1,risque élevé
717.0,10.0,94.0,72.0,18.0,98.4,23.1,0.595,56.0,0,risque faible
718.0,1.0,108.0,60.0,46.0,178.0,35.5,0.415,24.0,0,risque faible
719.0,5.0,97.0,76.0,27.0,98.4,35.6,0.378,52.0,1,risque élevé
720.0,4.0,83.0,86.0,19.0,130.0,29.3,0.317,34.0,0,risque faible
721.0,1.0,114.0,66.0,36.0,200.0,38.1,0.289,21.0,0,risque faible
722.0,1.0,149.0,68.0,29.0,127.0,29.3,0.349,42.0,0,risque faible
723.0,5.0,117.0,86.0,30.0,105.0,39.1,0.251,42.0,1,risque élevé
724.0,1.0,111.0,94.0,30.6,112.4,32.8,0.265,45.0,1,risque élevé
725.0,4.0,112.0,78.0,40.0,162.6,39.4,0.236,38.0,1,risque élevé
726.0,1.0,116.0,78.0,29.0,180.0,36.1,0.496,25.0,0,risque faible
727.0,0.0,141.0,84.0,26.0,105.6,32.4,0.433,22.0,0,risque faible
728.0,2.0,175.0,88.0,31.0,280.4,22.9,0.326,22.0,1,risque élevé
729.0,2.0,92.0,52.0,28.4,142.6,30.1,0.141,22.0,0,risque faible
730.0,3.0,130.0,78.0,23.0,79.0,28.4,0.323,34.0,0,risque faible
731.0,8.0,120.0,86.0,29.0,111.6,28.4,0.259,22.0,0,risque faible
732.0,2.0,174.0,88.0,37.0,120.0,44.5,0.646,24.0,1,risque élevé
733.0,2.0,106.0,56.0,27.0,165.0,29.0,0.426,22.0,0,risque faible
734.0,2.0,105.0,75.0,31.0,123.8,23.3,0.56,53.0,0,risque faible
735.0,4.0,95.0,60.0,32.0,147.0,35.4,0.284,28.0,0,risque faible
736.0,0.0,126.0,86.0,27.0,120.0,27.4,0.515,21.0,0,risque faible
737.0,8.0,65.0,72.0,23.0,99.6,32.0,0.6,42.0,0,risque faible
738.0,2.0,99.0,60.0,17.0,160.0,36.6,0.453,21.0,0,risque faible
739.0,1.0,102.0,74.0,33.8,115.4,39.5,0.293,42.0,0,risque faible
740.0,11.0,120.0,80.0,37.0,150.0,42.3,0.785,48.0,1,risque élevé
741.0,3.0,102.0,44.0,20.0,94.0,30.8,0.4,26.0,0,risque faible
742.0,1.0,109.0,58.0,18.0,116.0,28.5,0.219,22.0,0,risque faible
743.0,9.0,140.0,94.0,34.4,119.8,32.7,0.734,45.0,1,risque élevé
744.0,13.0,153.0,88.0,37.0,140.0,40.6,1.174,39.0,1,risque élevé
745.0,12.0,100.0,84.0,33.0,105.0,30.0,0.488,46.0,1,risque élevé
746.0,1.0,147.0,94.0,41.0,190.8,49.3,0.358,27.0,1,risque élevé
747.0,1.0,81.0,74.0,41.0,57.0,46.3,1.096,32.0,0,risque faible
748.0,3.0,187.0,70.0,22.0,200.0,36.4,0.408,36.0,1,risque élevé
749.0,6.0,162.0,62.0,30.2,146.2,24.3,0.178,50.0,1,risque élevé
750.0,4.0,136.0,70.0,27.8,99.0,31.2,1.182,22.0,0,risque faible
751.0,1.0,121.0,78.0,39.0,74.0,39.0,0.261,28.0,0,risque faible
752.0,3.0,108.0,62.0,24.0,113.8,26.0,0.223,25.0,0,risque faible
753.0,0.0,181.0,88.0,44.0,510.0,43.3,0.222,26.0,1,risque élevé
754.0,8.0,154.0,78.0,32.0,131.2,32.4,0.443,45.0,1,risque élevé
755.0,1.0,128.0,88.0,39.0,110.0,36.5,1.057,37.0,1,risque élevé
756.0,7.0,137.0,90.0,41.0,117.2,32.0,0.391,39.0,1,risque élevé
757.0,0.0,123.0,72.0,33.0,125.2,36.3,0.258,52.0,1,risque élevé
758.0,1.0,106.0,76.0,28.8,95.6,37.5,0.197,26.0,0,risque faible
759.0,6.0,190.0,92.0,33.2,231.0,35.5,0.278,66.0,1,risque élevé
760.0,2.0,88.0,58.0,26.0,16.0,28.4,0.766,22.0,0,risque faible
761.0,9.0,170.0,74.0,31.0,216.0,44.0,0.403,43.0,1,risque élevé
762.0,9.0,89.0,62.0,26.2,88.6,22.5,0.142,33.0,0,risque faible
763.0,10.0,101.0,76.0,48.0,180.0,32.9,0.171,63.0,1,risque élevé
764.0,2.0,122.0,70.0,27.0,106.4,36.8,0.34,27.0,0,risque faible
765.0,5.0,121.0,72.0,23.0,112.0,26.2,0.245,30.0,0,risque faible
766.0,1.0,126.0,60.0,30.4,125.2,30.1,0.349,47.0,0,risque faible
767.0,1.0,93.0,70.0,31.0,92.2,30.4,0.315,23.0,0,risque faible
